{
  "center_lat": 12.0069,
  "center_lon": 79.8105,
  "zoom": 17,
  "meters_per_pixel": 1.1681997097910424,
  "top_left_lat": 12.009771062776906,
  "top_left_lon": 79.80743408203125,
  "bottom_right_lat": 12.001711546616939,
  "bottom_right_lon": 79.815673828125
}